Floor carpet,地板地毯,Decoration materials,装修建材,地板 木地板 复合地板 地板安装 铺地板 金刚板 竹地板 地板价格 悉尼木地板 Sydney Timber Carpet laminated flooring engineered flooring bamboo flooring Solid Timber Bamboo flooring Carpet Flooring
Curtains,窗帘,Decoration materials,装修建材,垂直帘 百叶帘 竖帘 罗马帘 防盗门窗 纱门纱窗 电动窗帘 遮阳棚 窗帘轨道 定制窗帘 百叶窗 室内装潢 悉尼窗帘 百叶窗 门窗玻璃  Sydney Vertical Blinds Custom Curtains Roller Shutterers Awnings venetians
Glass Doors and Windows,门窗玻璃,Decoration materials,装修建材,铝合金玻璃 遥控车库 门 门窗 隔音门 纱窗 纱门 Sydney aluminium Windows Doors Glass slind Windows security car
Iron Railings,铁门栏杆,Decoration materials,装修建材,铁门栏杆 铁围栏 防盗门制作安装 铁器 不锈钢 车棚凉棚  Sydney Steel Door Fence
Paint,油漆,Decoration materials,装修建材,漆工刷油 油漆手工好 价低合理 油漆工 Sydney Painters Painting Service
Stone Tiles,石材瓷砖,Decoration materials,装修建材,石材 瓷砖 铺砖工 大理石 铺游泳池 马赛克 建筑材料 沙石 水泥 仿古砖 Stone Tiles Tilers Sand decoration materials
Renovated Building,装修建房,Reconstruction,改建,装修建房 浴室翻新 厨房翻新 车库改建 建房 房屋装修 装修公司 改建翻新 装修材料  房屋扩建 车道改建 车道翻新 房屋装修 浴室翻新 房屋扩建 房屋修补 墙板 悉尼新型材料 门窗 天花板 拉门 雨水槽 新建 改建 店铺 浴室 厨房间隔 办公室装修 写字楼装修 店铺装修 悉尼房屋装修 悉尼装修公司 悉尼改建翻新 房屋间隔 Gyprock间隔 房屋维修 安装门窗 修墙 天花板补洞 bathroom renovation kitchen renovation carpark renovation Constructions builder
Interior Design,室内设计,Reconstruction,改建,室内设计 办公室 饭店 咖啡店 酒吧 写字楼 图纸设计 花园设计 Gyprock 间隔房 house council报批 Interior Design DA CC CDC interior designer Granny Flat
Furniture Store,家具店,Indoor,室内, 悉尼办公椅 红木家具店 红木家私店 实木家具 古典家具 现代家具 悉尼豪华家具 欧美家具 电视柜 卧室家具 餐桌餐椅 装饰柜 真皮沙发 床头柜 小孩床 特硬床垫 鞋柜 sofa bed sydney furniture furniture showroom
Cabinet Installation,橱柜安装,Indoor,室内,大理石 台面 橱柜 阳台窗 油烟机 采暖壁柜 卫浴 装修地板 免费测量 橱柜壁柜 橱柜定制 衣柜定制 厨房橱柜 卧室壁柜 卧室衣柜 家具五金配件 橱柜五金配件 carbinet free measurement  Kitchen  Wall Cabinet Wardrobe Bench top
Insecticidal,杀虫,Indoor,室内,消除白蚁 灭虫 蟑螂 专业杀虫 灭虫割草 清理垃圾 割草服务 花园打理 chinese pest control Gardening
Loaded Lock Unlock,装锁开锁,Indoor,室内,装锁 开锁 电子车匙 紧急开锁 开车锁 开门锁 上门开锁 换锁芯 电子车钥匙 24小时开锁服务 紧急开锁服务 丢钥匙 丢失钥匙 Locksmith Lock Chinese Locksmith
Cleaning Company,清洁公司,Indoor,室内,退租清洁 搬家清洁 清洁公司 专业搬家清洁  高压蒸洗地毯 洗地毯 专业清洗 家政服务 商业清洁 家庭清洁 商业清洁 Carpet Cleaning house cleaning house keeper
Bedding,床上用品,Indoor,室内,床上用品 bed sheet queen size
Bathroom Ware,浴室洁具,Bath & Kitchen,浴厨,厨房卫浴 浴室浴具 卫浴洁具产品 瓷砖云石 冲凉房 淋浴房 大理石 花岗岩 铺瓷砖 悉尼贴砖 洗脸盆 马桶 高级马桶 温水马桶 Sydney Kitchen  Bathroom Tiles
Kitchen Utensils,厨房用具,Bath & Kitchen,浴厨,厨房用具 方太抽油烟机专卖店 方太专卖店 方太 方太炉灶 Efini抽油烟机 Efini抽油烟机 帅康吸油烟机 帅康吸油烟机 kitchen
Water Gas,水务煤气,Bath & Kitchen,浴厨,水务煤气 修水管 水工 水务煤气 热水器 热水器安装 通渠 水管工 煤气管道 煤气维修 漏水维修 electrician Gas plumber water
Household Appliances,家用电器,Electric,电器,家用电器 电器 二手家用电器 家电回收 电视 电饭锅 电冰箱 洗衣机 微波炉 搅拌机 空调安装 冷气机安装 空调安装 冷气机安装 household appliances white goods TV fridge microwave air condition washing machine
Electrician Maintenance,电工维修,Electric,电器,电工维修 电工 华人电工 电气维修 线路改装 更换保险丝 家电维修 电器维修 Electrician house appliance repair Electrician Maintenance
Satellite TV,卫星电视,Electric,电器,电视盒 台湾电视 澳洲卫视 港台节目 中文电视节目 卫视电讯 Sydney Satellite TV TV pad Satellite TV
Air Condition,空调冷气,Electric,电器,空调 修空调 冷气机安装 空调安装 冷气空调 冷气机 空调机 Air conditioning
Gardening,花园除草,Outdoor,室外,铺设草皮 花园翻新 花园整理 花园割草 除草 清理垃圾 园林 花园设计 修剪植树 假山及鱼池工程 锄草机 锄草 花园工具 花园工具，花园清理 花园除草 草坪割草 花园剪枝 花园美化 花园清理 花园除草 花园剪枝 花园美化 gardening cutting grass house maintenance
Car Park,凉棚车库,Outdoor,室外,凉棚车库 盖车库 车库改建 建房 房屋扩建 车道改建 车道翻新 车棚 凉篷 车篷 玻璃暖房 封闭阳台 shed awning Garage Doors
House Shelter,屋顶补漏,Outdoor,室外,屋顶翻新 屋顶补漏 屋顶补漏工程 防水 防水补漏 防水堵漏 防水工程 屋顶补漏 阳台地漏
Home Removal,搬家货运,Hot Services,热门服务,搬运 货运 搬家 机场接送 接送 运货  搬家服务 搬运公司 小件搬运 机场接送 搬运服务 搬家服务 搬运公司 搬家公司 transport airport shuttle removal pick up
Travel Tourist,旅行机票,Hot Services,热门服务,旅行社 旅社 特价飞机票 旅游 澳洲旅游 打折飞机票 旅游保险 旅行社 回国机票 特价机票 自助游 中国游 游轮度假 航海游 悉尼旅游 悉尼旅行团 自助游 国内游 游轮度假 航海游 旅行团 海外旅行团 travel agency airline ticket tourist
Study Immigration,留学移民,Profession,专业人士,留学移民 出国留学 移民中介 旅游、出国签证 移民顾问 澳大利亚移民 申请移民 澳洲技术移民 澳大利亚移民政策 澳洲投资移民 移民代理 Sydney Study Migration visa
Lawyer,律师,Profession,专业人士,律师 律师楼 律师事务所 华人律师 华人律师楼 华人律师事务所 律师行 华人律师行 律师行 移民律师 法律咨询 律师咨询 房产律师 合同律师 法律顾问 离婚 上诉 悉尼 Lawyer
Translator,翻译,Profession,专业人士,翻译 中英翻译 英文翻译 翻译公司 专业翻译 移民翻译 驾照翻译 学历翻译 学历公证 移民翻译 Interpreter Translation
Training,工作培训,Profession,专业人士,职业中介 找工作 职业中介所 职业中介 工作招聘 公司招工 工厂招工 公司招聘 商家请人 职业中介所 Sydney Employment Agent Career Centres
Babysitter,家政保姆,Profession,专业人士,保姆 钟点工 家政 月嫂 家政服务 陪护 Baby Sitter Babysitter
Wedding,婚纱摄影,Profession,专业人士,婚礼电影 婚纱摄影 婚纱照 婚纱摄影店 艺术照 毕业照 个人艺术照 情侣写真 儿童摄影 全家福 婚纱摄影 婚礼录影 婚礼录像 婚礼摄像 婚礼跟拍 拍婚纱照 拍艺术照 拍毕业照 婚礼跟拍 拍婚纱照 拍艺术照 拍毕业照 艺术照片 毕业照 Sydney Wedding Video wedding Photography
Tailor,裁缝师,Profession,专业人士,裁缝 度身量做衣服 裁缝店 裁缝师 Sydney Tailor Dress Maker
fortune telling,算命风水,Profession,专业人士,算命师 看面相 看风水 房屋家居风水 选吉日 风水师 占卜师 房屋风水 fortune telling feng shui
Dating Service,婚介交友,Profession,专业人士,婚姻介绍 结婚注册 主持登记师 婚介所 婚姻介绍服务中心 真情交友 悉尼婚介所 结婚主持 悉尼婚姻主持 结婚登记 婚姻登记 红娘 婚介所 婚姻介绍 婚姻注册 结婚主持 婚姻主持 结婚登记 婚姻登记 Sydney Chinese Marriage Celebrant Dating Service for Singles
Funeral,殡仪墓碑,Profession,专业人士,殡仪馆 墓碑 Sydney Monument funeral
Recycle,回收,Profession,专业人士,汽车回收 废纸回收 环保回收
Driving Schools,驾校教练,Profession,专业人士,教车 驾校 驾车教练 驾驶教练 驾驶学校 学车教练 考车牌 路考 驾照 学开车 驾驶培训 考车培训 驾校教练 驾驶学校 驾驶培训 考车培训 考牌 Sydney Driving Schs RTA
Car Services,汽车维修,Profession,专业人士,修车 汽车维修 汽車维修 修车厂 汽车维修中心 华人修车厂 汽车保养 换机油 汽车配件 汽车零件 更换机油 更换轮胎 车身修理 汽车机械 验车 汽车保养 更换轮胎 车身修理 汽车机械 汽车维护 验车 修车行 pink slip Sydney Auto Repair  Services mechanic car repair car services green slip
Car Dealer,买车卖车,Profession,专业人士,买车 卖车 新车 二手车出售 买车贷款 车行 手车 卡罗拉 奥迪 丰田汽车 新车出售 二手车出售 奔驰车行 宝马车行 奥迪车行 大众车行 凌志车行 丰田车行 马自达车行 本田车行 三菱车行 铃木车行 日产车行 尼桑车行 长城车行 现代车行 雷克萨斯车行 华人车行 Car Dealer Honda Toyarto Chrysler Jeep